[
  {
    "id": "paris",
    "city": "paris",
    "country": ""
  },
  {
    "id": "rome",
    "city": "rome",
    "country": ""
  },
  {
    "id": "barcelona",
    "city": "barcelona",
    "country": ""
  },
  {
    "id": "amsterdam",
    "city": "amsterdam",
    "country": ""
  },
  {
    "id": "lisbon",
    "city": "lisbon",
    "country": ""
  },
  {
    "id": "london",
    "city": "london",
    "country": ""
  },
  {
    "id": "santorini",
    "city": "santorini",
    "country": ""
  },
  {
    "id": "prague",
    "city": "prague",
    "country": ""
  },
  {
    "id": "dubrovnik",
    "city": "dubrovnik",
    "country": ""
  },
  {
    "id": "reykjavik",
    "city": "reykjavik",
    "country": ""
  },
  {
    "id": "vienna",
    "city": "vienna",
    "country": ""
  },
  {
    "id": "swiss-alps",
    "city": "swiss-alps",
    "country": ""
  },
  {
    "id": "amalfi",
    "city": "amalfi",
    "country": ""
  },
  {
    "id": "florence",
    "city": "florence",
    "country": ""
  },
  {
    "id": "venice",
    "city": "venice",
    "country": ""
  },
  {
    "id": "milan",
    "city": "milan",
    "country": ""
  },
  {
    "id": "madrid",
    "city": "madrid",
    "country": ""
  },
  {
    "id": "seville",
    "city": "seville",
    "country": ""
  },
  {
    "id": "munich",
    "city": "munich",
    "country": ""
  },
  {
    "id": "berlin",
    "city": "berlin",
    "country": ""
  },
  {
    "id": "brussels",
    "city": "brussels",
    "country": ""
  },
  {
    "id": "copenhagen",
    "city": "copenhagen",
    "country": ""
  },
  {
    "id": "stockholm",
    "city": "stockholm",
    "country": ""
  },
  {
    "id": "oslo",
    "city": "oslo",
    "country": ""
  },
  {
    "id": "helsinki",
    "city": "helsinki",
    "country": ""
  },
  {
    "id": "edinburgh",
    "city": "edinburgh",
    "country": ""
  },
  {
    "id": "dublin",
    "city": "dublin",
    "country": ""
  },
  {
    "id": "budapest",
    "city": "budapest",
    "country": ""
  },
  {
    "id": "krakow",
    "city": "krakow",
    "country": ""
  },
  {
    "id": "athens",
    "city": "athens",
    "country": ""
  },
  {
    "id": "mykonos",
    "city": "mykonos",
    "country": ""
  },
  {
    "id": "crete",
    "city": "crete",
    "country": ""
  },
  {
    "id": "porto",
    "city": "porto",
    "country": ""
  },
  {
    "id": "nice",
    "city": "nice",
    "country": ""
  },
  {
    "id": "lyon",
    "city": "lyon",
    "country": ""
  },
  {
    "id": "zurich",
    "city": "zurich",
    "country": ""
  },
  {
    "id": "geneva",
    "city": "geneva",
    "country": ""
  },
  {
    "id": "split",
    "city": "split",
    "country": ""
  },
  {
    "id": "tallinn",
    "city": "tallinn",
    "country": ""
  },
  {
    "id": "riga",
    "city": "riga",
    "country": ""
  },
  {
    "id": "malta",
    "city": "malta",
    "country": ""
  },
  {
    "id": "corsica",
    "city": "corsica",
    "country": ""
  },
  {
    "id": "sardinia",
    "city": "sardinia",
    "country": ""
  },
  {
    "id": "ibiza",
    "city": "ibiza",
    "country": ""
  },
  {
    "id": "sicily",
    "city": "sicily",
    "country": ""
  },
  {
    "id": "canary-islands",
    "city": "canary-islands",
    "country": ""
  },
  {
    "id": "scottish-highlands",
    "city": "scottish-highlands",
    "country": ""
  },
  {
    "id": "lapland",
    "city": "lapland",
    "country": ""
  },
  {
    "id": "cinque-terre",
    "city": "cinque-terre",
    "country": ""
  },
  {
    "id": "marseille",
    "city": "marseille",
    "country": ""
  },
  {
    "id": "bordeaux",
    "city": "bordeaux",
    "country": ""
  },
  {
    "id": "strasbourg",
    "city": "strasbourg",
    "country": ""
  },
  {
    "id": "toulouse",
    "city": "toulouse",
    "country": ""
  },
  {
    "id": "monaco",
    "city": "monaco",
    "country": ""
  },
  {
    "id": "bruges",
    "city": "bruges",
    "country": ""
  },
  {
    "id": "ghent",
    "city": "ghent",
    "country": ""
  },
  {
    "id": "antwerp",
    "city": "antwerp",
    "country": ""
  },
  {
    "id": "rotterdam",
    "city": "rotterdam",
    "country": ""
  },
  {
    "id": "the-hague",
    "city": "the-hague",
    "country": ""
  },
  {
    "id": "frankfurt",
    "city": "frankfurt",
    "country": ""
  },
  {
    "id": "hamburg",
    "city": "hamburg",
    "country": ""
  },
  {
    "id": "cologne",
    "city": "cologne",
    "country": ""
  },
  {
    "id": "dusseldorf",
    "city": "dusseldorf",
    "country": ""
  },
  {
    "id": "dresden",
    "city": "dresden",
    "country": ""
  },
  {
    "id": "leipzig",
    "city": "leipzig",
    "country": ""
  },
  {
    "id": "nuremberg",
    "city": "nuremberg",
    "country": ""
  },
  {
    "id": "salzburg",
    "city": "salzburg",
    "country": ""
  },
  {
    "id": "innsbruck",
    "city": "innsbruck",
    "country": ""
  },
  {
    "id": "graz",
    "city": "graz",
    "country": ""
  },
  {
    "id": "lucerne",
    "city": "lucerne",
    "country": ""
  },
  {
    "id": "basel",
    "city": "basel",
    "country": ""
  },
  {
    "id": "zermatt",
    "city": "zermatt",
    "country": ""
  },
  {
    "id": "valencia",
    "city": "valencia",
    "country": ""
  },
  {
    "id": "granada",
    "city": "granada",
    "country": ""
  },
  {
    "id": "bilbao",
    "city": "bilbao",
    "country": ""
  },
  {
    "id": "san-sebastian",
    "city": "san-sebastian",
    "country": ""
  },
  {
    "id": "malaga",
    "city": "malaga",
    "country": ""
  },
  {
    "id": "majorca",
    "city": "majorca",
    "country": ""
  },
  {
    "id": "menorca",
    "city": "menorca",
    "country": ""
  },
  {
    "id": "corfu",
    "city": "corfu",
    "country": ""
  },
  {
    "id": "rhodes",
    "city": "rhodes",
    "country": ""
  },
  {
    "id": "thessaloniki",
    "city": "thessaloniki",
    "country": ""
  },
  {
    "id": "zakynthos",
    "city": "zakynthos",
    "country": ""
  },
  {
    "id": "paros",
    "city": "paros",
    "country": ""
  },
  {
    "id": "warsaw",
    "city": "warsaw",
    "country": ""
  },
  {
    "id": "gdansk",
    "city": "gdansk",
    "country": ""
  },
  {
    "id": "wroclaw",
    "city": "wroclaw",
    "country": ""
  },
  {
    "id": "vilnius",
    "city": "vilnius",
    "country": ""
  },
  {
    "id": "ljubljana",
    "city": "ljubljana",
    "country": ""
  },
  {
    "id": "lake-bled",
    "city": "lake-bled",
    "country": ""
  },
  {
    "id": "zagreb",
    "city": "zagreb",
    "country": ""
  },
  {
    "id": "bratislava",
    "city": "bratislava",
    "country": ""
  },
  {
    "id": "sofia",
    "city": "sofia",
    "country": ""
  },
  {
    "id": "bucharest",
    "city": "bucharest",
    "country": ""
  },
  {
    "id": "kotor",
    "city": "kotor",
    "country": ""
  },
  {
    "id": "madeira",
    "city": "madeira",
    "country": ""
  },
  {
    "id": "azores",
    "city": "azores",
    "country": ""
  },
  {
    "id": "manchester",
    "city": "manchester",
    "country": ""
  },
  {
    "id": "liverpool",
    "city": "liverpool",
    "country": ""
  },
  {
    "id": "bath",
    "city": "bath",
    "country": ""
  },
  {
    "id": "york",
    "city": "york",
    "country": ""
  },
  {
    "id": "cambridge",
    "city": "cambridge",
    "country": ""
  },
  {
    "id": "oxford",
    "city": "oxford",
    "country": ""
  },
  {
    "id": "glasgow",
    "city": "glasgow",
    "country": ""
  },
  {
    "id": "belfast",
    "city": "belfast",
    "country": ""
  },
  {
    "id": "galway",
    "city": "galway",
    "country": ""
  },
  {
    "id": "cork",
    "city": "cork",
    "country": ""
  },
  {
    "id": "gothenburg",
    "city": "gothenburg",
    "country": ""
  },
  {
    "id": "malmö",
    "city": "malmö",
    "country": ""
  },
  {
    "id": "bergen",
    "city": "bergen",
    "country": ""
  },
  {
    "id": "tromso",
    "city": "tromso",
    "country": ""
  },
  {
    "id": "luxembourg",
    "city": "luxembourg",
    "country": ""
  },
  {
    "id": "naples",
    "city": "naples",
    "country": ""
  },
  {
    "id": "bologna",
    "city": "bologna",
    "country": ""
  },
  {
    "id": "verona",
    "city": "verona",
    "country": ""
  },
  {
    "id": "turin",
    "city": "turin",
    "country": ""
  },
  {
    "id": "lake-como",
    "city": "lake-como",
    "country": ""
  },
  {
    "id": "puglia",
    "city": "puglia",
    "country": ""
  },
  {
    "id": "mont-saint-michel",
    "city": "mont-saint-michel",
    "country": ""
  },
  {
    "id": "provence",
    "city": "provence",
    "country": ""
  },
  {
    "id": "nantes",
    "city": "nantes",
    "country": ""
  },
  {
    "id": "lille",
    "city": "lille",
    "country": ""
  },
  {
    "id": "chamonix",
    "city": "chamonix",
    "country": ""
  },
  {
    "id": "cordoba",
    "city": "cordoba",
    "country": ""
  },
  {
    "id": "toledo",
    "city": "toledo",
    "country": ""
  },
  {
    "id": "marbella",
    "city": "marbella",
    "country": ""
  },
  {
    "id": "gran-canaria",
    "city": "gran-canaria",
    "country": ""
  },
  {
    "id": "lanzarote",
    "city": "lanzarote",
    "country": ""
  },
  {
    "id": "bristol",
    "city": "bristol",
    "country": ""
  },
  {
    "id": "cardiff",
    "city": "cardiff",
    "country": ""
  },
  {
    "id": "brighton",
    "city": "brighton",
    "country": ""
  },
  {
    "id": "cotswolds",
    "city": "cotswolds",
    "country": ""
  },
  {
    "id": "lake-district",
    "city": "lake-district",
    "country": ""
  },
  {
    "id": "heidelberg",
    "city": "heidelberg",
    "country": ""
  },
  {
    "id": "stuttgart",
    "city": "stuttgart",
    "country": ""
  },
  {
    "id": "black-forest",
    "city": "black-forest",
    "country": ""
  },
  {
    "id": "chania",
    "city": "chania",
    "country": ""
  },
  {
    "id": "naxos",
    "city": "naxos",
    "country": ""
  },
  {
    "id": "kefalonia",
    "city": "kefalonia",
    "country": ""
  },
  {
    "id": "aarhus",
    "city": "aarhus",
    "country": ""
  },
  {
    "id": "lofoten",
    "city": "lofoten",
    "country": ""
  },
  {
    "id": "belgrade",
    "city": "belgrade",
    "country": ""
  },
  {
    "id": "sarajevo",
    "city": "sarajevo",
    "country": ""
  },
  {
    "id": "mostar",
    "city": "mostar",
    "country": ""
  },
  {
    "id": "tirana",
    "city": "tirana",
    "country": ""
  },
  {
    "id": "plovdiv",
    "city": "plovdiv",
    "country": ""
  },
  {
    "id": "paphos",
    "city": "paphos",
    "country": ""
  },
  {
    "id": "limassol",
    "city": "limassol",
    "country": ""
  },
  {
    "id": "istanbul",
    "city": "istanbul",
    "country": ""
  },
  {
    "id": "antalya",
    "city": "antalya",
    "country": ""
  },
  {
    "id": "tbilisi",
    "city": "tbilisi",
    "country": ""
  },
  {
    "id": "tokyo",
    "city": "tokyo",
    "country": ""
  },
  {
    "id": "bali",
    "city": "bali",
    "country": ""
  },
  {
    "id": "bangkok",
    "city": "bangkok",
    "country": ""
  },
  {
    "id": "singapore",
    "city": "singapore",
    "country": ""
  },
  {
    "id": "kyoto",
    "city": "kyoto",
    "country": ""
  },
  {
    "id": "vietnam",
    "city": "vietnam",
    "country": ""
  },
  {
    "id": "maldives",
    "city": "maldives",
    "country": ""
  },
  {
    "id": "hong-kong",
    "city": "hong-kong",
    "country": ""
  },
  {
    "id": "sri-lanka",
    "city": "sri-lanka",
    "country": ""
  },
  {
    "id": "seoul",
    "city": "seoul",
    "country": ""
  },
  {
    "id": "busan",
    "city": "busan",
    "country": ""
  },
  {
    "id": "osaka",
    "city": "osaka",
    "country": ""
  },
  {
    "id": "fukuoka",
    "city": "fukuoka",
    "country": ""
  },
  {
    "id": "sapporo",
    "city": "sapporo",
    "country": ""
  },
  {
    "id": "hanoi",
    "city": "hanoi",
    "country": ""
  },
  {
    "id": "phuket",
    "city": "phuket",
    "country": ""
  },
  {
    "id": "pattaya",
    "city": "pattaya",
    "country": ""
  },
  {
    "id": "chiang-mai",
    "city": "chiang-mai",
    "country": ""
  },
  {
    "id": "kuala-lumpur",
    "city": "kuala-lumpur",
    "country": ""
  },
  {
    "id": "langkawi",
    "city": "langkawi",
    "country": ""
  },
  {
    "id": "johor-bahru",
    "city": "johor-bahru",
    "country": ""
  },
  {
    "id": "taipei",
    "city": "taipei",
    "country": ""
  },
  {
    "id": "manila",
    "city": "manila",
    "country": ""
  },
  {
    "id": "palawan",
    "city": "palawan",
    "country": ""
  },
  {
    "id": "boracay",
    "city": "boracay",
    "country": ""
  },
  {
    "id": "siem-reap",
    "city": "siem-reap",
    "country": ""
  },
  {
    "id": "luang-prabang",
    "city": "luang-prabang",
    "country": ""
  },
  {
    "id": "yangon",
    "city": "yangon",
    "country": ""
  },
  {
    "id": "kathmandu",
    "city": "kathmandu",
    "country": ""
  },
  {
    "id": "bhutan",
    "city": "bhutan",
    "country": ""
  },
  {
    "id": "beijing",
    "city": "beijing",
    "country": ""
  },
  {
    "id": "shanghai",
    "city": "shanghai",
    "country": ""
  },
  {
    "id": "xian",
    "city": "xian",
    "country": ""
  },
  {
    "id": "guilin",
    "city": "guilin",
    "country": ""
  },
  {
    "id": "guangzhou",
    "city": "guangzhou",
    "country": ""
  },
  {
    "id": "shenzhen",
    "city": "shenzhen",
    "country": ""
  },
  {
    "id": "macau",
    "city": "macau",
    "country": ""
  },
  {
    "id": "zhuhai",
    "city": "zhuhai",
    "country": ""
  },
  {
    "id": "hoi-an",
    "city": "hoi-an",
    "country": ""
  },
  {
    "id": "da-nang",
    "city": "da-nang",
    "country": ""
  },
  {
    "id": "kochi",
    "city": "kochi",
    "country": ""
  },
  {
    "id": "goa",
    "city": "goa",
    "country": ""
  },
  {
    "id": "jaipur",
    "city": "jaipur",
    "country": ""
  },
  {
    "id": "delhi",
    "city": "delhi",
    "country": ""
  },
  {
    "id": "agra",
    "city": "agra",
    "country": ""
  },
  {
    "id": "mumbai",
    "city": "mumbai",
    "country": ""
  },
  {
    "id": "lombok",
    "city": "lombok",
    "country": ""
  },
  {
    "id": "yogyakarta",
    "city": "yogyakarta",
    "country": ""
  },
  {
    "id": "nha-trang",
    "city": "nha-trang",
    "country": ""
  },
  {
    "id": "new-york",
    "city": "new-york",
    "country": ""
  },
  {
    "id": "cancun",
    "city": "cancun",
    "country": ""
  },
  {
    "id": "costa-rica",
    "city": "costa-rica",
    "country": ""
  },
  {
    "id": "miami",
    "city": "miami",
    "country": ""
  },
  {
    "id": "peru",
    "city": "peru",
    "country": ""
  },
  {
    "id": "rio",
    "city": "rio",
    "country": ""
  },
  {
    "id": "buenos-aires",
    "city": "buenos-aires",
    "country": ""
  },
  {
    "id": "hawaii",
    "city": "hawaii",
    "country": ""
  },
  {
    "id": "maui",
    "city": "maui",
    "country": ""
  },
  {
    "id": "los-angeles",
    "city": "los-angeles",
    "country": ""
  },
  {
    "id": "san-francisco",
    "city": "san-francisco",
    "country": ""
  },
  {
    "id": "las-vegas",
    "city": "las-vegas",
    "country": ""
  },
  {
    "id": "chicago",
    "city": "chicago",
    "country": ""
  },
  {
    "id": "boston",
    "city": "boston",
    "country": ""
  },
  {
    "id": "washington-dc",
    "city": "washington-dc",
    "country": ""
  },
  {
    "id": "seattle",
    "city": "seattle",
    "country": ""
  },
  {
    "id": "new-orleans",
    "city": "new-orleans",
    "country": ""
  },
  {
    "id": "austin",
    "city": "austin",
    "country": ""
  },
  {
    "id": "nashville",
    "city": "nashville",
    "country": ""
  },
  {
    "id": "san-diego",
    "city": "san-diego",
    "country": ""
  },
  {
    "id": "toronto",
    "city": "toronto",
    "country": ""
  },
  {
    "id": "vancouver",
    "city": "vancouver",
    "country": ""
  },
  {
    "id": "montreal",
    "city": "montreal",
    "country": ""
  },
  {
    "id": "banff",
    "city": "banff",
    "country": ""
  },
  {
    "id": "mexico-city",
    "city": "mexico-city",
    "country": ""
  },
  {
    "id": "oaxaca",
    "city": "oaxaca",
    "country": ""
  },
  {
    "id": "tulum",
    "city": "tulum",
    "country": ""
  },
  {
    "id": "playa-del-carmen",
    "city": "playa-del-carmen",
    "country": ""
  },
  {
    "id": "puerto-vallarta",
    "city": "puerto-vallarta",
    "country": ""
  },
  {
    "id": "cartagena",
    "city": "cartagena",
    "country": ""
  },
  {
    "id": "medellin",
    "city": "medellin",
    "country": ""
  },
  {
    "id": "bogota",
    "city": "bogota",
    "country": ""
  },
  {
    "id": "quito",
    "city": "quito",
    "country": ""
  },
  {
    "id": "galapagos",
    "city": "galapagos",
    "country": ""
  },
  {
    "id": "lima",
    "city": "lima",
    "country": ""
  },
  {
    "id": "santiago",
    "city": "santiago",
    "country": ""
  },
  {
    "id": "patagonia",
    "city": "patagonia",
    "country": ""
  },
  {
    "id": "montevideo",
    "city": "montevideo",
    "country": ""
  },
  {
    "id": "punta-del-este",
    "city": "punta-del-este",
    "country": ""
  },
  {
    "id": "la-paz",
    "city": "la-paz",
    "country": ""
  },
  {
    "id": "salar-de-uyuni",
    "city": "salar-de-uyuni",
    "country": ""
  },
  {
    "id": "belize",
    "city": "belize",
    "country": ""
  },
  {
    "id": "panama",
    "city": "panama",
    "country": ""
  },
  {
    "id": "denver",
    "city": "denver",
    "country": ""
  },
  {
    "id": "phoenix",
    "city": "phoenix",
    "country": ""
  },
  {
    "id": "scottsdale",
    "city": "scottsdale",
    "country": ""
  },
  {
    "id": "portland",
    "city": "portland",
    "country": ""
  },
  {
    "id": "philadelphia",
    "city": "philadelphia",
    "country": ""
  },
  {
    "id": "minneapolis",
    "city": "minneapolis",
    "country": ""
  },
  {
    "id": "atlanta",
    "city": "atlanta",
    "country": ""
  },
  {
    "id": "dallas",
    "city": "dallas",
    "country": ""
  },
  {
    "id": "houston",
    "city": "houston",
    "country": ""
  },
  {
    "id": "detroit",
    "city": "detroit",
    "country": ""
  },
  {
    "id": "charlotte",
    "city": "charlotte",
    "country": ""
  },
  {
    "id": "orlando",
    "city": "orlando",
    "country": ""
  },
  {
    "id": "tampa",
    "city": "tampa",
    "country": ""
  },
  {
    "id": "savannah",
    "city": "savannah",
    "country": ""
  },
  {
    "id": "charleston",
    "city": "charleston",
    "country": ""
  },
  {
    "id": "aspen",
    "city": "aspen",
    "country": ""
  },
  {
    "id": "park-city",
    "city": "park-city",
    "country": ""
  },
  {
    "id": "lake-tahoe",
    "city": "lake-tahoe",
    "country": ""
  },
  {
    "id": "napa-valley",
    "city": "napa-valley",
    "country": ""
  },
  {
    "id": "palm-springs",
    "city": "palm-springs",
    "country": ""
  },
  {
    "id": "key-west",
    "city": "key-west",
    "country": ""
  },
  {
    "id": "san-antonio",
    "city": "san-antonio",
    "country": ""
  },
  {
    "id": "santa-fe",
    "city": "santa-fe",
    "country": ""
  },
  {
    "id": "salt-lake-city",
    "city": "salt-lake-city",
    "country": ""
  },
  {
    "id": "anchorage",
    "city": "anchorage",
    "country": ""
  },
  {
    "id": "quebec-city",
    "city": "quebec-city",
    "country": ""
  },
  {
    "id": "calgary",
    "city": "calgary",
    "country": ""
  },
  {
    "id": "whistler",
    "city": "whistler",
    "country": ""
  },
  {
    "id": "ottawa",
    "city": "ottawa",
    "country": ""
  },
  {
    "id": "halifax",
    "city": "halifax",
    "country": ""
  },
  {
    "id": "victoria-bc",
    "city": "victoria-bc",
    "country": ""
  },
  {
    "id": "cabo",
    "city": "cabo",
    "country": ""
  },
  {
    "id": "guadalajara",
    "city": "guadalajara",
    "country": ""
  },
  {
    "id": "san-miguel",
    "city": "san-miguel",
    "country": ""
  },
  {
    "id": "merida",
    "city": "merida",
    "country": ""
  },
  {
    "id": "antigua-guatemala",
    "city": "antigua-guatemala",
    "country": ""
  },
  {
    "id": "roatan",
    "city": "roatan",
    "country": ""
  },
  {
    "id": "caye-caulker",
    "city": "caye-caulker",
    "country": ""
  },
  {
    "id": "manuel-antonio",
    "city": "manuel-antonio",
    "country": ""
  },
  {
    "id": "arenal",
    "city": "arenal",
    "country": ""
  },
  {
    "id": "sao-paulo",
    "city": "sao-paulo",
    "country": ""
  },
  {
    "id": "florianopolis",
    "city": "florianopolis",
    "country": ""
  },
  {
    "id": "salvador",
    "city": "salvador",
    "country": ""
  },
  {
    "id": "iguazu-falls",
    "city": "iguazu-falls",
    "country": ""
  },
  {
    "id": "mendoza",
    "city": "mendoza",
    "country": ""
  },
  {
    "id": "bariloche",
    "city": "bariloche",
    "country": ""
  },
  {
    "id": "valparaiso",
    "city": "valparaiso",
    "country": ""
  },
  {
    "id": "sacred-valley",
    "city": "sacred-valley",
    "country": ""
  },
  {
    "id": "atacama",
    "city": "atacama",
    "country": ""
  },
  {
    "id": "tayrona",
    "city": "tayrona",
    "country": ""
  },
  {
    "id": "sedona",
    "city": "sedona",
    "country": ""
  },
  {
    "id": "jackson-hole",
    "city": "jackson-hole",
    "country": ""
  },
  {
    "id": "vail",
    "city": "vail",
    "country": ""
  },
  {
    "id": "santa-barbara",
    "city": "santa-barbara",
    "country": ""
  },
  {
    "id": "sonoma",
    "city": "sonoma",
    "country": ""
  },
  {
    "id": "carmel",
    "city": "carmel",
    "country": ""
  },
  {
    "id": "big-sur",
    "city": "big-sur",
    "country": ""
  },
  {
    "id": "martha-vineyard",
    "city": "martha-vineyard",
    "country": ""
  },
  {
    "id": "nantucket",
    "city": "nantucket",
    "country": ""
  },
  {
    "id": "cape-cod",
    "city": "cape-cod",
    "country": ""
  },
  {
    "id": "yellowstone",
    "city": "yellowstone",
    "country": ""
  },
  {
    "id": "grand-canyon",
    "city": "grand-canyon",
    "country": ""
  },
  {
    "id": "moab",
    "city": "moab",
    "country": ""
  },
  {
    "id": "zion",
    "city": "zion",
    "country": ""
  },
  {
    "id": "tucson",
    "city": "tucson",
    "country": ""
  },
  {
    "id": "albuquerque",
    "city": "albuquerque",
    "country": ""
  },
  {
    "id": "st-louis",
    "city": "st-louis",
    "country": ""
  },
  {
    "id": "kansas-city",
    "city": "kansas-city",
    "country": ""
  },
  {
    "id": "pittsburgh",
    "city": "pittsburgh",
    "country": ""
  },
  {
    "id": "cleveland",
    "city": "cleveland",
    "country": ""
  },
  {
    "id": "portland-maine",
    "city": "portland-maine",
    "country": ""
  },
  {
    "id": "asheville",
    "city": "asheville",
    "country": ""
  },
  {
    "id": "memphis",
    "city": "memphis",
    "country": ""
  },
  {
    "id": "indianapolis",
    "city": "indianapolis",
    "country": ""
  },
  {
    "id": "milwaukee",
    "city": "milwaukee",
    "country": ""
  },
  {
    "id": "raleigh",
    "city": "raleigh",
    "country": ""
  },
  {
    "id": "niagara-falls",
    "city": "niagara-falls",
    "country": ""
  },
  {
    "id": "jasper",
    "city": "jasper",
    "country": ""
  },
  {
    "id": "kelowna",
    "city": "kelowna",
    "country": ""
  },
  {
    "id": "edmonton",
    "city": "edmonton",
    "country": ""
  },
  {
    "id": "st-johns",
    "city": "st-johns",
    "country": ""
  },
  {
    "id": "prince-edward-island",
    "city": "prince-edward-island",
    "country": ""
  },
  {
    "id": "cozumel",
    "city": "cozumel",
    "country": ""
  },
  {
    "id": "guanajuato",
    "city": "guanajuato",
    "country": ""
  },
  {
    "id": "todos-santos",
    "city": "todos-santos",
    "country": ""
  },
  {
    "id": "puebla",
    "city": "puebla",
    "country": ""
  },
  {
    "id": "lake-atitlan",
    "city": "lake-atitlan",
    "country": ""
  },
  {
    "id": "monteverde",
    "city": "monteverde",
    "country": ""
  },
  {
    "id": "tamarindo",
    "city": "tamarindo",
    "country": ""
  },
  {
    "id": "ushuaia",
    "city": "ushuaia",
    "country": ""
  },
  {
    "id": "salta",
    "city": "salta",
    "country": ""
  },
  {
    "id": "puerto-madryn",
    "city": "puerto-madryn",
    "country": ""
  },
  {
    "id": "torres-del-paine",
    "city": "torres-del-paine",
    "country": ""
  },
  {
    "id": "easter-island",
    "city": "easter-island",
    "country": ""
  },
  {
    "id": "vina-del-mar",
    "city": "vina-del-mar",
    "country": ""
  },
  {
    "id": "arequipa",
    "city": "arequipa",
    "country": ""
  },
  {
    "id": "puno",
    "city": "puno",
    "country": ""
  },
  {
    "id": "cuenca",
    "city": "cuenca",
    "country": ""
  },
  {
    "id": "banos",
    "city": "banos",
    "country": ""
  },
  {
    "id": "santa-marta",
    "city": "santa-marta",
    "country": ""
  },
  {
    "id": "colonia",
    "city": "colonia",
    "country": ""
  },
  {
    "id": "jamaica",
    "city": "jamaica",
    "country": ""
  },
  {
    "id": "bahamas",
    "city": "bahamas",
    "country": ""
  },
  {
    "id": "aruba",
    "city": "aruba",
    "country": ""
  },
  {
    "id": "st-lucia",
    "city": "st-lucia",
    "country": ""
  },
  {
    "id": "barbados",
    "city": "barbados",
    "country": ""
  },
  {
    "id": "turks-caicos",
    "city": "turks-caicos",
    "country": ""
  },
  {
    "id": "curacao",
    "city": "curacao",
    "country": ""
  },
  {
    "id": "dominican-republic",
    "city": "dominican-republic",
    "country": ""
  },
  {
    "id": "puerto-rico",
    "city": "puerto-rico",
    "country": ""
  },
  {
    "id": "virgin-islands",
    "city": "virgin-islands",
    "country": ""
  },
  {
    "id": "cayman-islands",
    "city": "cayman-islands",
    "country": ""
  },
  {
    "id": "antigua",
    "city": "antigua",
    "country": ""
  },
  {
    "id": "grenada",
    "city": "grenada",
    "country": ""
  },
  {
    "id": "st-barts",
    "city": "st-barts",
    "country": ""
  },
  {
    "id": "st-kitts",
    "city": "st-kitts",
    "country": ""
  },
  {
    "id": "bonaire",
    "city": "bonaire",
    "country": ""
  },
  {
    "id": "martinique",
    "city": "martinique",
    "country": ""
  },
  {
    "id": "guadeloupe",
    "city": "guadeloupe",
    "country": ""
  },
  {
    "id": "dubai",
    "city": "dubai",
    "country": ""
  },
  {
    "id": "jordan",
    "city": "jordan",
    "country": ""
  },
  {
    "id": "israel",
    "city": "israel",
    "country": ""
  },
  {
    "id": "oman",
    "city": "oman",
    "country": ""
  },
  {
    "id": "abu-dhabi",
    "city": "abu-dhabi",
    "country": ""
  },
  {
    "id": "doha",
    "city": "doha",
    "country": ""
  },
  {
    "id": "bahrain",
    "city": "bahrain",
    "country": ""
  },
  {
    "id": "kuwait",
    "city": "kuwait",
    "country": ""
  },
  {
    "id": "jerusalem",
    "city": "jerusalem",
    "country": ""
  },
  {
    "id": "dead-sea",
    "city": "dead-sea",
    "country": ""
  },
  {
    "id": "beirut",
    "city": "beirut",
    "country": ""
  },
  {
    "id": "riyadh",
    "city": "riyadh",
    "country": ""
  },
  {
    "id": "jeddah",
    "city": "jeddah",
    "country": ""
  },
  {
    "id": "medina",
    "city": "medina",
    "country": ""
  },
  {
    "id": "sharjah",
    "city": "sharjah",
    "country": ""
  },
  {
    "id": "alula",
    "city": "alula",
    "country": ""
  },
  {
    "id": "cape-town",
    "city": "cape-town",
    "country": ""
  },
  {
    "id": "morocco",
    "city": "morocco",
    "country": ""
  },
  {
    "id": "tanzania",
    "city": "tanzania",
    "country": ""
  },
  {
    "id": "egypt",
    "city": "egypt",
    "country": ""
  },
  {
    "id": "mauritius",
    "city": "mauritius",
    "country": ""
  },
  {
    "id": "zanzibar",
    "city": "zanzibar",
    "country": ""
  },
  {
    "id": "kenya",
    "city": "kenya",
    "country": ""
  },
  {
    "id": "seychelles",
    "city": "seychelles",
    "country": ""
  },
  {
    "id": "victoria-falls",
    "city": "victoria-falls",
    "country": ""
  },
  {
    "id": "johannesburg",
    "city": "johannesburg",
    "country": ""
  },
  {
    "id": "kruger",
    "city": "kruger",
    "country": ""
  },
  {
    "id": "fes",
    "city": "fes",
    "country": ""
  },
  {
    "id": "chefchaouen",
    "city": "chefchaouen",
    "country": ""
  },
  {
    "id": "essaouira",
    "city": "essaouira",
    "country": ""
  },
  {
    "id": "luxor",
    "city": "luxor",
    "country": ""
  },
  {
    "id": "hurghada",
    "city": "hurghada",
    "country": ""
  },
  {
    "id": "rwanda",
    "city": "rwanda",
    "country": ""
  },
  {
    "id": "uganda",
    "city": "uganda",
    "country": ""
  },
  {
    "id": "namibia",
    "city": "namibia",
    "country": ""
  },
  {
    "id": "botswana",
    "city": "botswana",
    "country": ""
  },
  {
    "id": "tunis",
    "city": "tunis",
    "country": ""
  },
  {
    "id": "addis-ababa",
    "city": "addis-ababa",
    "country": ""
  },
  {
    "id": "ghana",
    "city": "ghana",
    "country": ""
  },
  {
    "id": "senegal",
    "city": "senegal",
    "country": ""
  },
  {
    "id": "reunion",
    "city": "reunion",
    "country": ""
  },
  {
    "id": "sydney",
    "city": "sydney",
    "country": ""
  },
  {
    "id": "new-zealand",
    "city": "new-zealand",
    "country": ""
  },
  {
    "id": "fiji",
    "city": "fiji",
    "country": ""
  },
  {
    "id": "tahiti",
    "city": "tahiti",
    "country": ""
  },
  {
    "id": "bora-bora",
    "city": "bora-bora",
    "country": ""
  },
  {
    "id": "melbourne",
    "city": "melbourne",
    "country": ""
  },
  {
    "id": "great-barrier-reef",
    "city": "great-barrier-reef",
    "country": ""
  },
  {
    "id": "perth",
    "city": "perth",
    "country": ""
  },
  {
    "id": "gold-coast",
    "city": "gold-coast",
    "country": ""
  },
  {
    "id": "tasmania",
    "city": "tasmania",
    "country": ""
  },
  {
    "id": "auckland",
    "city": "auckland",
    "country": ""
  },
  {
    "id": "rotorua",
    "city": "rotorua",
    "country": ""
  },
  {
    "id": "wellington",
    "city": "wellington",
    "country": ""
  },
  {
    "id": "milford-sound",
    "city": "milford-sound",
    "country": ""
  },
  {
    "id": "cook-islands",
    "city": "cook-islands",
    "country": ""
  },
  {
    "id": "samoa",
    "city": "samoa",
    "country": ""
  },
  {
    "id": "vanuatu",
    "city": "vanuatu",
    "country": ""
  },
  {
    "id": "new-caledonia",
    "city": "new-caledonia",
    "country": ""
  },
  {
    "id": "palau",
    "city": "palau",
    "country": ""
  },
  {
    "id": "guam",
    "city": "guam",
    "country": ""
  },
  {
    "id": "hiroshima",
    "city": "hiroshima",
    "country": ""
  },
  {
    "id": "nara",
    "city": "nara",
    "country": ""
  },
  {
    "id": "okinawa",
    "city": "okinawa",
    "country": ""
  },
  {
    "id": "hakone",
    "city": "hakone",
    "country": ""
  },
  {
    "id": "kanazawa",
    "city": "kanazawa",
    "country": ""
  },
  {
    "id": "nagoya",
    "city": "nagoya",
    "country": ""
  },
  {
    "id": "krabi",
    "city": "krabi",
    "country": ""
  },
  {
    "id": "koh-samui",
    "city": "koh-samui",
    "country": ""
  },
  {
    "id": "chiang-rai",
    "city": "chiang-rai",
    "country": ""
  },
  {
    "id": "ayutthaya",
    "city": "ayutthaya",
    "country": ""
  },
  {
    "id": "ho-chi-minh",
    "city": "ho-chi-minh",
    "country": ""
  },
  {
    "id": "hue",
    "city": "hue",
    "country": ""
  },
  {
    "id": "sa-pa",
    "city": "sa-pa",
    "country": ""
  },
  {
    "id": "ha-long-bay",
    "city": "ha-long-bay",
    "country": ""
  },
  {
    "id": "jakarta",
    "city": "jakarta",
    "country": ""
  },
  {
    "id": "komodo",
    "city": "komodo",
    "country": ""
  },
  {
    "id": "raja-ampat",
    "city": "raja-ampat",
    "country": ""
  },
  {
    "id": "cebu",
    "city": "cebu",
    "country": ""
  },
  {
    "id": "siargao",
    "city": "siargao",
    "country": ""
  },
  {
    "id": "el-nido",
    "city": "el-nido",
    "country": ""
  },
  {
    "id": "penang",
    "city": "penang",
    "country": ""
  },
  {
    "id": "melaka",
    "city": "melaka",
    "country": ""
  },
  {
    "id": "borneo",
    "city": "borneo",
    "country": ""
  },
  {
    "id": "udaipur",
    "city": "udaipur",
    "country": ""
  },
  {
    "id": "varanasi",
    "city": "varanasi",
    "country": ""
  },
  {
    "id": "kerala",
    "city": "kerala",
    "country": ""
  },
  {
    "id": "rishikesh",
    "city": "rishikesh",
    "country": ""
  },
  {
    "id": "amritsar",
    "city": "amritsar",
    "country": ""
  },
  {
    "id": "chengdu",
    "city": "chengdu",
    "country": ""
  },
  {
    "id": "hangzhou",
    "city": "hangzhou",
    "country": ""
  },
  {
    "id": "suzhou",
    "city": "suzhou",
    "country": ""
  },
  {
    "id": "zhangjiajie",
    "city": "zhangjiajie",
    "country": ""
  },
  {
    "id": "lijiang",
    "city": "lijiang",
    "country": ""
  },
  {
    "id": "jeju",
    "city": "jeju",
    "country": ""
  },
  {
    "id": "kaohsiung",
    "city": "kaohsiung",
    "country": ""
  },
  {
    "id": "pokhara",
    "city": "pokhara",
    "country": ""
  },
  {
    "id": "colombo",
    "city": "colombo",
    "country": ""
  },
  {
    "id": "kandy",
    "city": "kandy",
    "country": ""
  },
  {
    "id": "galle",
    "city": "galle",
    "country": ""
  },
  {
    "id": "ella",
    "city": "ella",
    "country": ""
  },
  {
    "id": "marrakech",
    "city": "marrakech",
    "country": ""
  },
  {
    "id": "casablanca",
    "city": "casablanca",
    "country": ""
  },
  {
    "id": "nairobi",
    "city": "nairobi",
    "country": ""
  },
  {
    "id": "masai-mara",
    "city": "masai-mara",
    "country": ""
  },
  {
    "id": "serengeti",
    "city": "serengeti",
    "country": ""
  },
  {
    "id": "kilimanjaro",
    "city": "kilimanjaro",
    "country": ""
  },
  {
    "id": "durban",
    "city": "durban",
    "country": ""
  },
  {
    "id": "lagos",
    "city": "lagos",
    "country": ""
  },
  {
    "id": "dakar",
    "city": "dakar",
    "country": ""
  },
  {
    "id": "muscat",
    "city": "muscat",
    "country": ""
  },
  {
    "id": "salalah",
    "city": "salalah",
    "country": ""
  },
  {
    "id": "bergamo",
    "city": "bergamo",
    "country": ""
  },
  {
    "id": "catania",
    "city": "catania",
    "country": ""
  },
  {
    "id": "biarritz",
    "city": "biarritz",
    "country": ""
  },
  {
    "id": "san-remo",
    "city": "san-remo",
    "country": ""
  },
  {
    "id": "algarve",
    "city": "algarve",
    "country": ""
  },
  {
    "id": "sintra",
    "city": "sintra",
    "country": ""
  },
  {
    "id": "faro",
    "city": "faro",
    "country": ""
  },
  {
    "id": "lake-garda",
    "city": "lake-garda",
    "country": ""
  },
  {
    "id": "rovinj",
    "city": "rovinj",
    "country": ""
  },
  {
    "id": "hvar",
    "city": "hvar",
    "country": ""
  },
  {
    "id": "cusco",
    "city": "cusco",
    "country": ""
  },
  {
    "id": "puerto-escondido",
    "city": "puerto-escondido",
    "country": ""
  },
  {
    "id": "sayulita",
    "city": "sayulita",
    "country": ""
  },
  {
    "id": "lake-louise",
    "city": "lake-louise",
    "country": ""
  },
  {
    "id": "carmel-valley",
    "city": "carmel-valley",
    "country": ""
  },
  {
    "id": "queenstown-nz",
    "city": "queenstown-nz",
    "country": ""
  },
  {
    "id": "byron-bay",
    "city": "byron-bay",
    "country": ""
  },
  {
    "id": "cairns",
    "city": "cairns",
    "country": ""
  },
  {
    "id": "adelaide",
    "city": "adelaide",
    "country": ""
  },
  {
    "id": "rarotonga",
    "city": "rarotonga",
    "country": ""
  },
  {
    "id": "bermuda",
    "city": "bermuda",
    "country": ""
  },
  {
    "id": "trinidad",
    "city": "trinidad",
    "country": ""
  },
  {
    "id": "anguilla",
    "city": "anguilla",
    "country": ""
  },
  {
    "id": "colmar",
    "city": "colmar",
    "country": ""
  },
  {
    "id": "ubud",
    "city": "ubud",
    "country": ""
  },
  {
    "id": "phi-phi",
    "city": "phi-phi",
    "country": ""
  }
]